id,first_name,last_name,email,gender,score,class_id
1,Harmonie,Fick,hfick0@wufoo.com,Female,9,5
2,Filberto,Jeannot,fjeannot1@merriam-webster.com,Male,4,4
3,Felisha,Fourman,ffourman2@trellian.com,Female,0,1
4,Pryce,Gilley,pgilley3@is.gd,Male,10,1
5,Ahmed,Marchetti,amarchetti4@businessweek.com,Male,6,2
6,Antonetta,Attfield,aattfield5@diigo.com,Female,8,3
7,Jammal,Grimolbie,jgrimolbie6@nyu.edu,Male,10,4
8,Ibby,Skelton,iskelton7@w3.org,Female,0,2
9,Mignonne,Yude,myude8@newyorker.com,Female,7,1
10,Ingar,Eve,ieve9@icio.us,Male,8,4
11,Creight,Lawford,clawforda@stanford.edu,Male,6,1
12,Benjie,Blesing,bblesingb@google.com.hk,Male,7,2
13,Naomi,Hallmark,nhallmarkc@nih.gov,Female,4,4
14,Gretchen,Gyrgorwicx,ggyrgorwicxd@meetup.com,Female,7,5
15,Catlee,Shirtcliffe,cshirtcliffee@sourceforge.net,Female,2,4
16,Kalvin,Ivanin,kivaninf@pbs.org,Genderqueer,0,2
17,Des,Djekovic,ddjekovicg@google.es,Male,6,1
18,Sadella,Fosdike,sfosdikeh@gizmodo.com,Female,3,5
19,Giorgio,Vasyunichev,gvasyunichevi@ask.com,Male,7,3
20,Lu,Cordero,lcorderoj@patch.com,Female,8,3
21,Nicoli,Keling,nkelingk@oracle.com,Female,3,1
22,Nester,Landon,nlandonl@hp.com,Male,3,1
23,Quintus,Edworthy,qedworthym@thetimes.co.uk,Male,2,3
24,Toddie,Nottingham,tnottinghamn@sourceforge.net,Male,8,1
25,Rutledge,Scinelli,rscinellio@jalbum.net,Male,4,2
26,Tremaine,Coucher,tcoucherp@myspace.com,Male,6,4
27,Hazel,Ullett,hullettq@angelfire.com,Male,7,4
28,Hilliary,Augar,haugarr@opera.com,Female,4,1
29,Umeko,Bricket,ubrickets@nih.gov,Female,5,1
30,Muffin,Manvelle,mmanvellet@apple.com,Male,1,4
31,Wally,Woodward,wwoodwardu@addthis.com,Genderfluid,0,5
32,Jilly,Raulstone,jraulstonev@altervista.org,Female,2,1
33,Mateo,O'Driscoll,modriscollw@mac.com,Male,0,1
34,Molly,Dalgetty,mdalgettyx@unc.edu,Female,10,2
35,Talia,Cottey,tcotteyy@dagondesign.com,Female,4,3
36,Bertrand,O'Shee,bosheez@fema.gov,Male,3,3
37,Sheila,Sylett,ssylett10@dot.gov,Female,2,1
38,Maryanna,Latter,mlatter11@vkontakte.ru,Female,4,4
39,Carmella,Bellam,cbellam12@thetimes.co.uk,Female,0,5
40,Belicia,Annets,bannets13@tamu.edu,Female,3,1
41,Birk,O'Cahey,bocahey14@statcounter.com,Male,6,4
42,Julita,Lackner,jlackner15@newsvine.com,Female,9,4
43,Vi,Whitmore,vwhitmore16@cnbc.com,Bigender,0,1
44,Beilul,Berk,bberk17@alibaba.com,Female,1,3
45,Justus,Pagin,jpagin18@intel.com,Male,1,4
46,Noelyn,Fearfull,nfearfull19@scribd.com,Female,10,1
47,Peter,Galbreath,pgalbreath1a@chron.com,Male,7,3
48,Sandro,Buntain,sbuntain1b@canalblog.com,Male,3,3
49,Rick,Syddie,rsyddie1c@prweb.com,Male,8,1
50,Natty,Hlavac,nhlavac1d@tinypic.com,Male,5,4
51,Thane,Drance,tdrance1e@surveymonkey.com,Male,5,5
52,Evan,Storre,estorre1f@geocities.jp,Male,0,1
53,Aleece,Scoble,ascoble1g@ed.gov,Female,6,2
54,Kelly,Lucio,klucio1h@ibm.com,Female,10,2
55,Charlene,Serrurier,cserrurier1i@senate.gov,Non-binary,5,1
56,De,McGenis,dmcgenis1j@ustream.tv,Female,5,2
57,Odelia,Howsam,ohowsam1k@oracle.com,Female,3,3
58,Katerina,MacNeilly,kmacneilly1l@bloglines.com,Polygender,4,3
59,Thomasina,Hickin,thickin1m@google.fr,Female,7,3
60,Quentin,O'Towey,qotowey1n@statcounter.com,Male,5,1
61,Eddy,Carlozzi,ecarlozzi1o@squarespace.com,Female,5,2
62,Evangelin,Capes,ecapes1p@netscape.com,Female,5,1
63,Vonni,Marchington,vmarchington1q@prnewswire.com,Female,10,1
64,Hewett,Pitson,hpitson1r@bbb.org,Male,4,5
65,Adora,Muff,amuff1s@dagondesign.com,Polygender,9,2
66,Krystle,Pablos,kpablos1t@sciencedirect.com,Bigender,9,3
67,Yuma,Fresson,yfresson1u@goodreads.com,Male,8,5
68,Nico,Spavon,nspavon1v@nationalgeographic.com,Male,3,1
69,Helenelizabeth,Safhill,hsafhill1w@nsw.gov.au,Female,7,1
70,Eden,Elsy,eelsy1x@ycombinator.com,Female,7,2
71,Wyn,Formoy,wformoy1y@imdb.com,Male,6,4
72,Mari,Giraux,mgiraux1z@ft.com,Female,4,3
73,Marlow,Persehouse,mpersehouse20@google.co.jp,Male,5,2
74,Nancy,McCloughen,nmccloughen21@wired.com,Genderqueer,6,4
75,Cortie,Christaeas,cchristaeas22@wsj.com,Male,9,4
76,Pearla,Lafflin,plafflin23@ehow.com,Female,9,1
77,Willem,Hodjetts,whodjetts24@desdev.cn,Male,9,3
78,Ileane,Gianettini,igianettini25@apple.com,Female,3,4
79,Donal,Bastiman,dbastiman26@ftc.gov,Male,8,2
80,Tierney,Lucus,tlucus27@si.edu,Female,9,5
81,Tallie,Alesi,talesi28@people.com.cn,Female,5,3
82,Sanson,O'Sirin,sosirin29@europa.eu,Bigender,1,2
83,Lina,Pidcock,lpidcock2a@seesaa.net,Female,7,1
84,De,Ventris,dventris2b@seesaa.net,Female,5,4
85,Zaria,Lewcock,zlewcock2c@sourceforge.net,Female,8,3
86,Everard,Searson,esearson2d@hp.com,Male,5,4
87,Dallon,Sims,dsims2e@berkeley.edu,Male,3,1
88,Janie,Kayser,jkayser2f@sbwire.com,Female,6,3
89,Curr,Laverock,claverock2g@youku.com,Male,9,4
90,Gwynne,Pighills,gpighills2h@multiply.com,Female,4,4
91,Devinne,Jimes,djimes2i@angelfire.com,Female,10,1
92,Ingar,Derisley,iderisley2j@ustream.tv,Male,2,4
93,Alissa,Legister,alegister2k@auda.org.au,Non-binary,1,5
94,Miran,O'Fallon,mofallon2l@topsy.com,Female,6,2
95,Laurence,Sills,lsills2m@fastcompany.com,Non-binary,5,2
96,Englebert,Illston,eillston2n@sina.com.cn,Male,6,4
97,Marietta,Razzell,mrazzell2o@marketwatch.com,Male,4,4
98,Tatum,Andrichak,tandrichak2p@thetimes.co.uk,Female,8,4
99,Tulley,Farn,tfarn2q@nytimes.com,Male,9,4
100,Inger,Garard,igarard2r@uol.com.br,Male,8,3
101,Alwin,Driffe,adriffe2s@cocolog-nifty.com,Male,4,1
102,Phillis,Dopson,pdopson2t@noaa.gov,Female,3,3
103,Toddie,Richfield,trichfield2u@ning.com,Male,2,5
104,Collen,Tysall,ctysall2v@answers.com,Non-binary,0,3
105,Charlot,Vowells,cvowells2w@netscape.com,Female,10,4
106,Terra,Evangelinos,tevangelinos2x@nytimes.com,Female,6,5
107,Hazel,Christene,hchristene2y@mediafire.com,Male,7,5
108,Melania,Arthur,marthur2z@nationalgeographic.com,Female,1,3
109,Nickola,Merrison,nmerrison30@twitter.com,Male,8,2
110,Mohammed,Rosson,mrosson31@si.edu,Polygender,2,1
111,Michaela,Ghiroldi,mghiroldi32@jimdo.com,Female,7,1
112,Gabie,Fante,gfante33@networksolutions.com,Male,1,4
113,Emanuel,Le Pruvost,elepruvost34@scribd.com,Male,10,2
114,Bordie,Rabat,brabat35@google.pl,Male,8,3
115,Sidney,Goudge,sgoudge36@businessinsider.com,Male,10,4
116,Wileen,Delahunty,wdelahunty37@dell.com,Female,0,1
117,Sallyann,Filppetti,sfilppetti38@ow.ly,Female,0,2
118,Mignon,Klimentov,mklimentov39@themeforest.net,Female,7,5
119,Jenni,Probets,jprobets3a@sciencedirect.com,Female,3,5
120,Benedetto,Gorring,bgorring3b@dmoz.org,Male,8,5
121,Leonardo,Husthwaite,lhusthwaite3c@ow.ly,Male,4,5
122,Benny,Westney,bwestney3d@e-recht24.de,Male,6,4
123,Rustin,Kittley,rkittley3e@guardian.co.uk,Male,8,2
124,Avril,Sawley,asawley3f@stanford.edu,Female,5,5
125,Feodor,McGreary,fmcgreary3g@abc.net.au,Male,5,5
126,Marjory,Skedgell,mskedgell3h@issuu.com,Non-binary,1,5
127,Eden,Cayet,ecayet3i@ucoz.com,Female,5,2
128,Lorant,Dudliston,ldudliston3j@mozilla.com,Male,5,5
129,Valentine,Fernley,vfernley3k@hubpages.com,Male,4,5
130,Bebe,Sabbins,bsabbins3l@reference.com,Agender,10,5
131,Brew,Sprules,bsprules3m@hp.com,Male,6,4
132,Elset,Ondrus,eondrus3n@wikipedia.org,Female,10,4
133,Welsh,Tremouille,wtremouille3o@unblog.fr,Male,10,3
134,Stirling,Wyche,swyche3p@telegraph.co.uk,Male,6,5
135,Anne-corinne,Just,ajust3q@icio.us,Female,8,5
136,Chrysler,Ervin,cervin3r@blogs.com,Female,6,1
137,Bernie,Prazer,bprazer3s@house.gov,Female,4,3
138,Justinian,Escale,jescale3t@engadget.com,Male,2,3
139,Danit,O'Doohaine,dodoohaine3u@simplemachines.org,Female,2,1
140,Bekki,Piaggia,bpiaggia3v@independent.co.uk,Female,10,5
141,Si,Jervoise,sjervoise3w@nature.com,Male,1,2
142,Janifer,Hylden,jhylden3x@cbslocal.com,Female,1,5
143,Naomi,Fulleylove,nfulleylove3y@berkeley.edu,Female,1,4
144,Dolli,Chesters,dchesters3z@weibo.com,Female,7,3
145,Sheree,Faas,sfaas40@fc2.com,Female,0,5
146,Aloin,Caw,acaw41@wunderground.com,Male,7,4
147,Malanie,Jutson,mjutson42@twitpic.com,Polygender,2,2
148,Fletch,Dowderswell,fdowderswell43@ca.gov,Male,8,3
149,Sissy,Hallybone,shallybone44@sciencedaily.com,Female,6,3
150,Barnett,Charrette,bcharrette45@hexun.com,Male,4,1
151,Cassie,Kenforth,ckenforth46@tamu.edu,Male,0,2
152,Genvieve,Philbin,gphilbin47@howstuffworks.com,Female,8,5
153,Ferguson,Seeler,fseeler48@addthis.com,Male,7,3
154,Roddy,Kanzler,rkanzler49@flickr.com,Male,1,5
155,Tracey,Milner,tmilner4a@yellowpages.com,Male,2,1
156,Buddie,Ruoff,bruoff4b@miibeian.gov.cn,Bigender,4,4
157,Lianne,Joslyn,ljoslyn4c@macromedia.com,Female,1,3
158,Kristofor,Cheasman,kcheasman4d@imdb.com,Male,1,5
159,Petey,Colbert,pcolbert4e@nhs.uk,Polygender,6,5
160,Artur,Vanyashkin,avanyashkin4f@vimeo.com,Male,4,2
161,Caroljean,Hedges,chedges4g@4shared.com,Female,9,4
162,Sanders,Eldritt,seldritt4h@bravesites.com,Male,5,5
163,Barret,Lohrensen,blohrensen4i@sogou.com,Male,2,5
164,Giffy,Haslegrave,ghaslegrave4j@reddit.com,Polygender,8,3
165,Laurence,Croci,lcroci4k@live.com,Male,4,5
166,Petronella,Westnedge,pwestnedge4l@com.com,Female,1,1
167,Marla,Ferier,mferier4m@washington.edu,Female,4,3
168,Drugi,Chaunce,dchaunce4n@census.gov,Male,0,1
169,Craig,Snookes,csnookes4o@dell.com,Male,8,4
170,Tammara,Wildish,twildish4p@paginegialle.it,Female,2,3
171,Mark,Gerok,mgerok4q@prnewswire.com,Male,5,4
172,Trula,Sandever,tsandever4r@yahoo.com,Female,0,3
173,Giacobo,Filasov,gfilasov4s@slashdot.org,Male,10,4
174,Barbara,Raveau,braveau4t@house.gov,Female,6,2
175,Wilbert,Martino,wmartino4u@sohu.com,Male,2,1
176,Ogdon,Jeff,ojeff4v@slate.com,Male,0,4
177,Toddie,Kerman,tkerman4w@networksolutions.com,Male,5,2
178,Georgia,Stredwick,gstredwick4x@bloglines.com,Female,4,5
179,Billie,Rodrig,brodrig4y@tinyurl.com,Female,10,5
180,Ernest,Verdy,everdy4z@clickbank.net,Male,2,2
181,Felecia,Impy,fimpy50@exblog.jp,Female,10,1
182,Asher,Pierpoint,apierpoint51@state.tx.us,Male,2,4
183,Moshe,Buchett,mbuchett52@yale.edu,Male,2,3
184,Alameda,Antonov,aantonov53@ehow.com,Female,4,2
185,Brigitte,Christian,bchristian54@opera.com,Female,8,2
186,Livia,Strass,lstrass55@alibaba.com,Female,1,4
187,Mac,Silverton,msilverton56@imageshack.us,Male,5,1
188,Sheffie,Landreth,slandreth57@webmd.com,Male,3,4
189,Kassi,Chown,kchown58@arstechnica.com,Female,4,4
190,Parke,Thonger,pthonger59@oracle.com,Male,0,3
191,Cari,Rymmer,crymmer5a@upenn.edu,Female,2,3
192,Nollie,Harragin,nharragin5b@xinhuanet.com,Male,6,4
193,Robbi,Schultheiss,rschultheiss5c@people.com.cn,Genderqueer,0,4
194,Haskel,Swatton,hswatton5d@mysql.com,Male,7,1
195,Piotr,Fallanche,pfallanche5e@tuttocitta.it,Male,1,4
196,Antonina,Croizier,acroizier5f@baidu.com,Non-binary,8,1
197,Burch,Steger,bsteger5g@ebay.co.uk,Male,3,4
198,Rivy,Yele,ryele5h@xinhuanet.com,Female,5,4
199,Audrie,Ledley,aledley5i@google.nl,Female,1,4
200,Lorilee,Shrimptone,lshrimptone5j@joomla.org,Female,3,4
201,Harmon,Ladyman,hladyman5k@arstechnica.com,Male,0,3
202,Kaylee,Sivorn,ksivorn5l@reference.com,Female,8,3
203,Jessie,Frankcombe,jfrankcombe5m@accuweather.com,Male,3,3
204,Bianca,McIlvenna,bmcilvenna5n@cbsnews.com,Female,0,2
205,Viviana,Pocklington,vpocklington5o@latimes.com,Polygender,1,1
206,Genevieve,Stolle,gstolle5p@issuu.com,Agender,1,1
207,Corliss,Goodwins,cgoodwins5q@shutterfly.com,Female,0,1
208,Zorine,Finnick,zfinnick5r@youtu.be,Female,3,5
209,Josh,Worlock,jworlock5s@statcounter.com,Male,6,5
210,Constantino,Colquyte,ccolquyte5t@upenn.edu,Male,3,2
211,Franz,Fasey,ffasey5u@pen.io,Male,4,1
212,Randell,Ferrandez,rferrandez5v@howstuffworks.com,Male,6,3
213,Franky,Cufflin,fcufflin5w@hatena.ne.jp,Male,7,5
214,Alexandr,Blakeman,ablakeman5x@livejournal.com,Male,7,2
215,Codie,Legerwood,clegerwood5y@usda.gov,Genderfluid,4,5
216,Katy,Lineker,klineker5z@comsenz.com,Female,5,1
217,Hugh,Graffin,hgraffin60@stanford.edu,Male,10,4
218,Amory,Antecki,aantecki61@census.gov,Male,10,4
219,Rich,Sibbson,rsibbson62@howstuffworks.com,Male,0,1
220,Cynthia,Crich,ccrich63@cpanel.net,Female,10,4
221,Allistir,Frediani,afrediani64@oakley.com,Male,8,4
222,Nevile,Eckart,neckart65@creativecommons.org,Male,2,2
223,Ruthi,Twamley,rtwamley66@irs.gov,Female,5,4
224,Curcio,Jeskin,cjeskin67@plala.or.jp,Male,5,4
225,Nels,Stuckow,nstuckow68@amazon.de,Male,5,3
226,Sherri,Pietri,spietri69@w3.org,Female,5,5
227,Way,Mandeville,wmandeville6a@1und1.de,Male,1,3
228,Angie,Ainsbury,aainsbury6b@home.pl,Female,1,4
229,Milli,Portriss,mportriss6c@cdc.gov,Female,10,1
230,Justus,Aggas,jaggas6d@oakley.com,Male,4,4
231,Edna,Barron,ebarron6e@unicef.org,Bigender,3,4
232,Port,Rout,prout6f@independent.co.uk,Male,7,5
233,Oliver,Maddison,omaddison6g@cocolog-nifty.com,Male,6,4
234,Langsdon,Haliburton,lhaliburton6h@angelfire.com,Male,0,5
235,Danita,Charlin,dcharlin6i@va.gov,Bigender,3,3
236,Devin,Avrahm,davrahm6j@twitter.com,Non-binary,9,5
237,Loydie,Wolfendale,lwolfendale6k@apache.org,Male,7,4
238,Toiboid,Kelston,tkelston6l@altervista.org,Male,0,1
239,Becca,Rowsel,browsel6m@comcast.net,Non-binary,10,3
240,Kate,Shewen,kshewen6n@bravesites.com,Female,1,2
241,Rosco,Mighele,rmighele6o@imdb.com,Male,2,2
242,Michale,Bannell,mbannell6p@mail.ru,Male,2,2
243,Dannie,Devaney,ddevaney6q@nyu.edu,Female,6,3
244,Ilene,Perazzo,iperazzo6r@paypal.com,Female,3,3
245,Harlin,Truce,htruce6s@github.com,Male,5,5
246,Bethany,Curtis,bcurtis6t@xing.com,Female,7,1
247,Nerti,Swapp,nswapp6u@gizmodo.com,Female,9,4
248,Reginald,Cassels,rcassels6v@upenn.edu,Male,9,1
249,Spike,Held,sheld6w@timesonline.co.uk,Male,1,1
250,Orsola,Belbin,obelbin6x@loc.gov,Female,2,4
251,Kristel,Anney,kanney6y@hugedomains.com,Polygender,2,2
252,Binni,Lambin,blambin6z@scientificamerican.com,Female,8,1
253,Arlinda,Shury,ashury70@ask.com,Female,7,3
254,Domenico,Cobbald,dcobbald71@adobe.com,Male,7,5
255,Joel,Telling,jtelling72@is.gd,Male,7,1
256,Babbie,Truce,btruce73@feedburner.com,Female,3,5
257,Iain,Tomasicchio,itomasicchio74@dailymotion.com,Male,3,2
258,Truda,Kinson,tkinson75@artisteer.com,Agender,8,5
259,Sascha,Crichton,scrichton76@bloomberg.com,Male,10,2
260,Elroy,Cornelius,ecornelius77@php.net,Male,5,4
261,Seumas,Peiro,speiro78@themeforest.net,Genderqueer,6,4
262,Raphael,Penhale,rpenhale79@comcast.net,Male,8,3
263,Jacquenetta,Rowsell,jrowsell7a@xing.com,Female,4,2
264,Amery,Ive,aive7b@dropbox.com,Male,8,5
265,Kattie,Learoid,klearoid7c@youtube.com,Female,4,3
266,Matti,Presidey,mpresidey7d@artisteer.com,Female,6,3
267,Terry,Glawsop,tglawsop7e@npr.org,Female,5,5
268,Haskel,Mishow,hmishow7f@guardian.co.uk,Male,10,1
269,Bev,Lovat,blovat7g@shareasale.com,Female,2,4
270,Mozelle,Aubin,maubin7h@vkontakte.ru,Female,5,5
271,Raffarty,Rannie,rrannie7i@4shared.com,Male,5,5
272,Sandy,Couvet,scouvet7j@cargocollective.com,Male,6,5
273,Cinda,Reede,creede7k@newsvine.com,Female,2,5
274,Yetty,Remington,yremington7l@cocolog-nifty.com,Female,1,5
275,Edgard,Hazlewood,ehazlewood7m@java.com,Male,3,1
276,Nannie,Skones,nskones7n@hexun.com,Female,1,1
277,Murry,Hefner,mhefner7o@google.com.au,Male,9,1
278,Felice,Barbrook,fbarbrook7p@t.co,Female,0,1
279,Maribelle,Ielden,mielden7q@discovery.com,Female,2,1
280,Veronika,Troyes,vtroyes7r@cafepress.com,Female,1,3
281,Gizela,Waltho,gwaltho7s@4shared.com,Female,1,3
282,Garey,Slopier,gslopier7t@arstechnica.com,Male,9,3
283,Noland,Stealfox,nstealfox7u@wix.com,Male,1,4
284,Sherry,Woollons,swoollons7v@printfriendly.com,Female,3,3
285,Corney,Courvert,ccourvert7w@ucsd.edu,Male,1,2
286,Bobbee,Gull,bgull7x@go.com,Female,2,5
287,Sean,Pulteneye,spulteneye7y@odnoklassniki.ru,Female,9,4
288,Norri,Soots,nsoots7z@domainmarket.com,Female,1,1
289,Janie,Pettitt,jpettitt80@utexas.edu,Non-binary,7,5
290,Fitzgerald,Pendrey,fpendrey81@blog.com,Male,5,2
291,Pancho,Jackman,pjackman82@sciencedaily.com,Male,2,5
292,Flin,Mawdsley,fmawdsley83@hc360.com,Male,8,1
293,Karalynn,Tomalin,ktomalin84@shop-pro.jp,Female,2,4
294,Nat,Camilleri,ncamilleri85@newsvine.com,Male,3,3
295,Renee,Furmston,rfurmston86@umich.edu,Female,8,4
296,Sidonia,Auletta,sauletta87@usnews.com,Female,7,2
297,Gerhardine,Prior,gprior88@constantcontact.com,Female,2,5
298,Inger,Need,ineed89@addthis.com,Male,7,2
299,Carita,Simnett,csimnett8a@photobucket.com,Female,10,1
300,Erminie,Jeffery,ejeffery8b@china.com.cn,Female,3,4
301,Colleen,Raiman,craiman8c@nyu.edu,Female,8,3
302,Larisa,Drynan,ldrynan8d@example.com,Genderqueer,7,5
303,Ward,Bedle,wbedle8e@state.gov,Male,2,2
304,Ladonna,Mcimmie,lmcimmie8f@ocn.ne.jp,Female,5,1
305,Sharity,Harwick,sharwick8g@simplemachines.org,Female,3,2
306,Edsel,Lemoir,elemoir8h@europa.eu,Male,10,5
307,Jdavie,Poluzzi,jpoluzzi8i@abc.net.au,Male,10,4
308,Ric,Couroy,rcouroy8j@51.la,Male,10,4
309,Missie,Garman,mgarman8k@slashdot.org,Female,5,1
310,Savina,Philipp,sphilipp8l@networksolutions.com,Female,7,5
311,Gerri,Barreau,gbarreau8m@a8.net,Male,9,5
312,Ermanno,Delacour,edelacour8n@webnode.com,Male,10,3
313,Anthe,Woodrooffe,awoodrooffe8o@msu.edu,Female,2,3
314,Hillary,Bewsy,hbewsy8p@uol.com.br,Female,6,4
315,Jerrilyn,Scopham,jscopham8q@washington.edu,Female,2,1
316,Randi,Abramow,rabramow8r@symantec.com,Female,5,1
317,Morley,Roscamps,mroscamps8s@networksolutions.com,Non-binary,2,4
318,Hesther,Sawtell,hsawtell8t@hatena.ne.jp,Female,10,3
319,Florie,Kobel,fkobel8u@baidu.com,Genderfluid,1,4
320,Patton,Birkett,pbirkett8v@typepad.com,Male,5,4
321,Reuben,Akett,rakett8w@phoca.cz,Male,7,4
322,Heath,Wemm,hwemm8x@toplist.cz,Female,3,2
323,Adara,Scuse,ascuse8y@amazon.de,Bigender,6,2
324,Melicent,Wheble,mwheble8z@sogou.com,Female,7,5
325,Wyatan,Goode,wgoode90@zdnet.com,Male,9,1
326,Lowe,Mechi,lmechi91@mtv.com,Male,8,5
327,Gualterio,Sayburn,gsayburn92@hibu.com,Male,3,1
328,Dani,Doran,ddoran93@newsvine.com,Female,0,2
329,Judye,Pagett,jpagett94@google.com.au,Female,6,4
330,Kennith,Petrushka,kpetrushka95@google.com.au,Male,1,3
331,Noel,Curtois,ncurtois96@squidoo.com,Female,9,5
332,Elora,Pendreigh,ependreigh97@studiopress.com,Female,3,5
333,Carlynne,Mucillo,cmucillo98@apple.com,Female,7,4
334,Irving,Seman,iseman99@pcworld.com,Male,0,5
335,Marya,Emeline,memeline9a@acquirethisname.com,Female,6,1
336,Staford,MacIlhagga,smacilhagga9b@hc360.com,Male,7,1
337,Juliana,Durnan,jdurnan9c@seesaa.net,Female,0,4
338,Cobb,Itschakov,citschakov9d@washingtonpost.com,Male,3,3
339,Angeli,Plinck,aplinck9e@printfriendly.com,Male,10,3
340,Algernon,Vannikov,avannikov9f@edublogs.org,Male,7,3
341,Julita,Haggerwood,jhaggerwood9g@histats.com,Female,8,3
342,Tades,Snailham,tsnailham9h@slideshare.net,Bigender,8,3
343,Josey,Gages,jgages9i@163.com,Female,3,3
344,Dian,Zarb,dzarb9j@businessweek.com,Female,3,4
345,Archibald,Yushachkov,ayushachkov9k@ftc.gov,Male,0,5
346,Viviene,Ubsdell,vubsdell9l@chicagotribune.com,Female,0,4
347,Carter,Dungate,cdungate9m@columbia.edu,Male,4,4
348,Quillan,Nucciotti,qnucciotti9n@clickbank.net,Bigender,6,1
349,Fanechka,Kauffman,fkauffman9o@seattletimes.com,Female,8,2
350,Averell,Gilstin,agilstin9p@springer.com,Male,5,5
351,Carla,Orteau,corteau9q@blogtalkradio.com,Female,7,5
352,Kerwin,Haycox,khaycox9r@blogtalkradio.com,Male,4,4
353,Genna,York,gyork9s@earthlink.net,Female,7,3
354,Andrej,Risso,arisso9t@house.gov,Male,10,1
355,Darcee,Steely,dsteely9u@desdev.cn,Female,6,2
356,Ashli,Brock,abrock9v@ovh.net,Female,10,5
357,Dyann,Gamblin,dgamblin9w@multiply.com,Female,1,1
358,Tremaine,Stanlick,tstanlick9x@ocn.ne.jp,Male,2,4
359,Brooks,Davy,bdavy9y@nationalgeographic.com,Female,2,3
360,Farris,Savidge,fsavidge9z@si.edu,Male,10,4
361,Octavius,Mohun,omohuna0@nymag.com,Male,5,2
362,Mirna,Matisse,mmatissea1@thetimes.co.uk,Female,7,2
363,Karel,Issacov,kissacova2@dot.gov,Male,7,3
364,Samantha,Jest,sjesta3@fda.gov,Female,2,4
365,Rona,Worrell,rworrella4@tripadvisor.com,Polygender,9,2
366,Laird,O'Clery,loclerya5@nba.com,Male,3,3
367,Candide,Goldthorpe,cgoldthorpea6@ifeng.com,Female,9,5
368,Molly,Hellyer,mhellyera7@adobe.com,Female,10,2
369,Nolan,Romao,nromaoa8@newsvine.com,Male,9,4
370,Fidole,Clapp,fclappa9@hc360.com,Male,8,2
371,Natassia,Bibby,nbibbyaa@weibo.com,Female,5,4
372,Fabian,Ilyinski,filyinskiab@devhub.com,Male,3,2
373,Jordain,Topes,jtopesac@disqus.com,Female,0,4
374,Jacquetta,Smeuin,jsmeuinad@skyrock.com,Female,10,3
375,De witt,Dudderidge,ddudderidgeae@ihg.com,Male,9,2
376,Dorri,Bickerstaffe,dbickerstaffeaf@istockphoto.com,Female,8,4
377,Kristin,Levins,klevinsag@npr.org,Female,5,5
378,Giffie,MacGillavery,gmacgillaveryah@51.la,Male,7,2
379,Vittoria,Duffrie,vduffrieai@dropbox.com,Female,6,1
380,Jehu,Philippart,jphilippartaj@umn.edu,Male,4,4
381,Florette,Douce,fdouceak@cdbaby.com,Female,9,3
382,Krystalle,Zecchinii,kzecchiniial@dailymotion.com,Female,1,4
383,Wolf,Pennuzzi,wpennuzziam@technorati.com,Male,4,5
384,Wade,Woodhouse,wwoodhousean@friendfeed.com,Male,0,1
385,Quintilla,Websdale,qwebsdaleao@gmpg.org,Female,9,2
386,Giff,Soigne,gsoigneap@gnu.org,Male,3,3
387,Quentin,Klaas,qklaasaq@networksolutions.com,Female,1,5
388,Gwendolin,Lemerle,glemerlear@indiatimes.com,Female,4,5
389,Eleanora,Bortol,ebortolas@who.int,Female,1,2
390,Barnebas,Millsom,bmillsomat@eventbrite.com,Male,8,2
391,Basia,Pavlenko,bpavlenkoau@japanpost.jp,Female,2,1
392,Cornelia,Jenckes,cjenckesav@about.me,Female,10,2
393,Farlay,Sailer,fsaileraw@about.com,Male,0,1
394,Lilli,Harridge,lharridgeax@paginegialle.it,Female,10,4
395,Codi,McNicol,cmcnicolay@mozilla.com,Genderfluid,7,2
396,Carly,Mardell,cmardellaz@wordpress.org,Female,7,4
397,Lindsay,Busk,lbuskb0@bbc.co.uk,Female,1,3
398,Pasquale,Bresman,pbresmanb1@behance.net,Male,8,4
399,Worth,Ducaen,wducaenb2@howstuffworks.com,Male,10,4
400,Pincas,Gilford,pgilfordb3@princeton.edu,Male,4,3
401,Dene,Burchill,dburchillb4@salon.com,Male,4,3
402,Faye,Pierrepont,fpierrepontb5@people.com.cn,Female,0,4
403,Lezley,Saunton,lsauntonb6@marketwatch.com,Male,3,5
404,Bastien,Tuddenham,btuddenhamb7@jigsy.com,Male,4,1
405,Kalle,Kindley,kkindleyb8@independent.co.uk,Male,6,2
406,Dunn,Bagnell,dbagnellb9@cyberchimps.com,Male,5,5
407,Travus,Dalby,tdalbyba@ihg.com,Male,1,1
408,Skell,Hatchette,shatchettebb@gmpg.org,Male,0,2
409,Inga,Cutcliffe,icutcliffebc@smugmug.com,Female,3,5
410,Elston,Daunay,edaunaybd@businessweek.com,Male,0,3
411,Annaliese,Readwin,areadwinbe@youku.com,Polygender,7,1
412,Taber,Hatherill,thatherillbf@google.de,Male,10,2
413,Meggie,MacTrustie,mmactrustiebg@latimes.com,Female,9,2
414,Gaston,Patey,gpateybh@google.co.uk,Male,9,2
415,Oberon,Kenwyn,okenwynbi@ustream.tv,Male,6,3
416,Arv,Thrower,athrowerbj@hp.com,Male,0,1
417,Rhetta,Annett,rannettbk@prweb.com,Female,7,2
418,Doria,Pegram,dpegrambl@stumbleupon.com,Female,1,5
419,Erich,Frowd,efrowdbm@bloomberg.com,Male,1,3
420,Bianca,Crady,bcradybn@zimbio.com,Female,5,3
421,Antoinette,Andress,aandressbo@dailymail.co.uk,Female,10,1
422,Vania,Shorten,vshortenbp@yolasite.com,Female,1,5
423,Collie,Foston,cfostonbq@a8.net,Female,0,3
424,Brande,Zannutti,bzannuttibr@cocolog-nifty.com,Female,0,5
425,Ashely,Ferrao,aferraobs@skyrock.com,Female,1,2
426,Dulci,Fairnington,dfairningtonbt@independent.co.uk,Female,10,5
427,Skipper,Penni,spennibu@ucsd.edu,Male,0,2
428,Ashla,Zienkiewicz,azienkiewiczbv@virginia.edu,Female,7,4
429,Charlot,Brignell,cbrignellbw@lycos.com,Female,4,5
430,Dominique,Lee,dleebx@twitter.com,Male,5,5
431,Carena,Golston,cgolstonby@mysql.com,Female,5,4
432,Shae,Gillatt,sgillattbz@icio.us,Male,4,4
433,Lock,Gerry,lgerryc0@bloglovin.com,Male,10,4
434,Mavra,England,menglandc1@booking.com,Female,2,2
435,Nat,Matiashvili,nmatiashvilic2@seattletimes.com,Male,0,1
436,Gunar,Shanks,gshanksc3@com.com,Male,10,4
437,Carmencita,Northbridge,cnorthbridgec4@apple.com,Female,10,2
438,Amble,Brandino,abrandinoc5@wikimedia.org,Male,3,5
439,Rorke,Aloshkin,raloshkinc6@joomla.org,Male,0,2
440,Goldie,de Clerc,gdeclercc7@tamu.edu,Female,6,2
441,Olia,Howe,ohowec8@washington.edu,Genderfluid,9,5
442,Raimundo,Starmont,rstarmontc9@aboutads.info,Male,2,2
443,Mallorie,Girsch,mgirschca@arizona.edu,Female,9,4
444,Bambi,Campa,bcampacb@nymag.com,Female,6,3
445,Quinton,Tight,qtightcc@list-manage.com,Male,3,1
446,Coral,Kenton,ckentoncd@ycombinator.com,Female,2,1
447,Klement,Luckham,kluckhamce@barnesandnoble.com,Male,10,1
448,Agnella,Trivett,atrivettcf@meetup.com,Female,5,2
449,Dulcie,Haugh,dhaughcg@flickr.com,Female,10,1
450,Gordie,Causton,gcaustonch@miibeian.gov.cn,Male,1,2
451,Durand,Brabender,dbrabenderci@go.com,Male,0,4
452,Ermanno,Cabel,ecabelcj@java.com,Male,8,3
453,Theodore,Pyford,tpyfordck@posterous.com,Male,0,1
454,Marsha,Bonin,mbonincl@jigsy.com,Female,3,4
455,Vitoria,Stallybrass,vstallybrasscm@state.gov,Female,10,3
456,Thornie,Roskrug,troskrugcn@etsy.com,Male,2,3
457,Debi,Rillett,drillettco@unblog.fr,Female,2,3
458,Page,Greger,pgregercp@cpanel.net,Female,7,4
459,Steward,Harmour,sharmourcq@google.nl,Male,4,2
460,Idaline,Crusham,icrushamcr@unicef.org,Female,8,4
461,Kay,Woollett,kwoollettcs@miitbeian.gov.cn,Female,2,5
462,Keary,Lempenny,klempennyct@purevolume.com,Male,7,4
463,Steffi,Wodeland,swodelandcu@webs.com,Female,10,1
464,Benny,Riseborough,briseboroughcv@unblog.fr,Male,6,2
465,Barrett,Jasper,bjaspercw@meetup.com,Male,0,4
466,Andi,Gillivrie,agillivriecx@goo.gl,Female,9,1
467,Julee,Lodwig,jlodwigcy@clickbank.net,Female,1,2
468,Shaine,Critchell,scritchellcz@fc2.com,Male,9,1
469,Shannon,Frarey,sfrareyd0@yellowbook.com,Female,1,4
470,Angelo,Stenet,astenetd1@hubpages.com,Male,0,3
471,Audre,Van Der Weedenburg,avanderweedenburgd2@princeton.edu,Genderqueer,2,4
472,Chrystal,Lovewell,clovewelld3@sbwire.com,Female,1,1
473,Avivah,Roylance,aroylanced4@who.int,Female,10,5
474,Dre,Segrott,dsegrottd5@php.net,Female,7,3
475,Shantee,Downe,sdowned6@examiner.com,Female,8,2
476,Janie,Auchterlony,jauchterlonyd7@comcast.net,Female,9,5
477,Beret,Klaussen,bklaussend8@ycombinator.com,Female,1,5
478,Barnaby,Blinder,bblinderd9@google.nl,Male,6,2
479,Frederico,Eckersall,feckersallda@engadget.com,Male,6,1
480,Quintin,Roos,qroosdb@cam.ac.uk,Male,9,5
481,Clemence,Winterton,cwintertondc@live.com,Female,9,4
482,Gregorio,Kiljan,gkiljandd@eepurl.com,Male,6,2
483,Eziechiele,Bebis,ebebisde@bbb.org,Male,4,1
484,Grazia,Cranfield,gcranfielddf@nationalgeographic.com,Female,4,2
485,Wylie,Romushkin,wromushkindg@jigsy.com,Genderfluid,8,1
486,Justus,Tiernan,jtiernandh@wix.com,Male,1,4
487,Erl,Schach,eschachdi@cnet.com,Male,3,3
488,Collie,Bould,cboulddj@naver.com,Female,10,3
489,Diena,Tesdale,dtesdaledk@ox.ac.uk,Female,4,1
490,Sheree,Dilworth,sdilworthdl@yellowpages.com,Female,1,2
491,Eliot,Saull,esaulldm@examiner.com,Agender,7,3
492,Tiffany,Connichie,tconnichiedn@soup.io,Female,9,2
493,Alleen,Hupe,ahupedo@umich.edu,Agender,10,5
494,Lonni,Dorro,ldorrodp@yolasite.com,Female,1,1
495,Saraann,Vanin,svanindq@macromedia.com,Female,10,3
496,Oliy,Alenikov,oalenikovdr@harvard.edu,Female,6,5
497,Ernesto,Dishman,edishmands@tinyurl.com,Male,8,1
498,Angelia,Cheale,achealedt@google.it,Bigender,8,4
499,Rosamond,Bartens,rbartensdu@1und1.de,Female,5,4
500,Ellynn,Spurret,espurretdv@cnn.com,Female,1,3
501,Levon,Glading,lgladingdw@disqus.com,Male,9,5
502,Alla,Ogilvie,aogilviedx@businessweek.com,Female,7,4
503,Domini,Reichardt,dreichardtdy@livejournal.com,Genderqueer,0,2
504,Atalanta,Shropshire,ashropshiredz@bbb.org,Genderqueer,7,3
505,Cecilla,Kruszelnicki,ckruszelnickie0@google.co.jp,Female,0,2
506,Bail,Skunes,bskunese1@redcross.org,Male,10,5
507,Linoel,Kinghorne,lkinghornee2@vkontakte.ru,Male,1,4
508,Javier,Scole,jscolee3@guardian.co.uk,Male,6,4
509,Stacee,Simpkins,ssimpkinse4@home.pl,Female,6,4
510,Tate,Fourman,tfourmane5@sina.com.cn,Female,5,3
511,Freddie,Baptist,fbaptiste6@dmoz.org,Female,1,3
512,Andre,Webb,awebbe7@usatoday.com,Male,6,3
513,Liza,Guiden,lguidene8@tmall.com,Female,1,5
514,Nathanael,Unstead,nunsteade9@cdc.gov,Male,0,1
515,Karola,Mannooch,kmannoochea@state.gov,Female,0,2
516,Pat,Egalton,pegaltoneb@dmoz.org,Female,6,1
517,Vivie,Jencey,vjenceyec@barnesandnoble.com,Female,5,5
518,Berna,Sheldrick,bsheldricked@si.edu,Female,3,2
519,Tessy,Carrol,tcarrolee@ebay.com,Female,3,3
520,Tani,Dalman,tdalmanef@answers.com,Female,9,3
521,Franky,Nosworthy,fnosworthyeg@un.org,Female,9,2
522,Bron,Crayk,bcraykeh@mail.ru,Male,8,1
523,Sydelle,Lovewell,slovewellei@sciencedaily.com,Female,1,1
524,Skylar,Desson,sdessonej@dmoz.org,Male,2,3
525,Vergil,Landall,vlandallek@hostgator.com,Male,2,1
526,Kellen,Dartnell,kdartnellel@newsvine.com,Female,2,1
527,Jacki,Picot,jpicotem@va.gov,Female,1,2
528,Betti,Ksandra,bksandraen@deviantart.com,Female,1,4
529,Wallas,Midlane,wmidlaneeo@netscape.com,Male,2,4
530,Renado,Kerfod,rkerfodep@google.es,Male,8,3
531,Ellerey,Scoffins,escoffinseq@xing.com,Male,10,5
532,Brandise,Twort,btworter@google.com.au,Female,3,5
533,Giustina,Brobak,gbrobakes@xing.com,Female,9,1
534,Salmon,Cranston,scranstonet@alibaba.com,Male,2,5
535,Ulises,Genicke,ugenickeeu@drupal.org,Male,10,5
536,Birgitta,Schober,bschoberev@360.cn,Female,1,3
537,Cynthia,Trustram,ctrustramew@usa.gov,Female,10,3
538,Hewie,Bedinn,hbedinnex@salon.com,Male,9,1
539,Arlene,Klewer,aklewerey@webeden.co.uk,Genderqueer,9,1
540,Rosamund,Boanas,rboanasez@skype.com,Female,0,5
541,Lucia,Crichmere,lcrichmeref0@etsy.com,Female,1,5
542,Annalee,Brunotti,abrunottif1@independent.co.uk,Female,7,2
543,Delilah,McLese,dmclesef2@multiply.com,Female,7,2
544,Sibyl,Pohlak,spohlakf3@technorati.com,Male,0,2
545,Clerkclaude,Peaddie,cpeaddief4@apache.org,Male,4,4
546,Ernie,Wohlers,ewohlersf5@amazon.co.uk,Male,7,4
547,Dimitry,Hames,dhamesf6@artisteer.com,Genderfluid,6,4
548,Mirilla,Sywell,msywellf7@stanford.edu,Female,6,1
549,Brose,Avey,baveyf8@indiatimes.com,Male,9,2
550,Mozes,Stockhill,mstockhillf9@indiegogo.com,Male,1,3
551,Gibb,MacEnelly,gmacenellyfa@hibu.com,Male,9,3
552,Evin,Lambeth,elambethfb@miibeian.gov.cn,Male,2,2
553,Tisha,Cordeix,tcordeixfc@chicagotribune.com,Non-binary,9,1
554,Nye,Peaker,npeakerfd@stumbleupon.com,Male,0,2
555,Luca,Crop,lcropfe@exblog.jp,Male,7,4
556,Joann,Redgate,jredgateff@goo.ne.jp,Female,2,5
557,Tobit,Crowhurst,tcrowhurstfg@com.com,Male,0,4
558,Darleen,Aslam,daslamfh@redcross.org,Female,5,2
559,Herbert,Shea,hsheafi@census.gov,Male,8,3
560,Adore,Scinelli,ascinellifj@sohu.com,Female,3,2
561,Staci,Ramelet,srameletfk@webmd.com,Female,4,4
562,Aleksandr,Eplate,aeplatefl@comsenz.com,Genderfluid,8,1
563,Sky,Finnemore,sfinnemorefm@parallels.com,Male,5,2
564,Sonni,Shinefield,sshinefieldfn@unc.edu,Female,10,3
565,Trista,Morch,tmorchfo@dailymotion.com,Female,5,4
566,Missie,Bemrose,mbemrosefp@microsoft.com,Female,0,3
567,Addi,Case,acasefq@bluehost.com,Genderqueer,7,2
568,Ottilie,Gaddesby,ogaddesbyfr@usa.gov,Female,2,2
569,Aurilia,Hatch,ahatchfs@craigslist.org,Female,3,3
570,Giavani,Dei,gdeift@mit.edu,Non-binary,0,5
571,Francklin,Feenan,ffeenanfu@wikia.com,Male,5,3
572,Lou,Cockran,lcockranfv@examiner.com,Male,1,4
573,Morgun,Gross,mgrossfw@wikia.com,Genderqueer,6,4
574,Kaylee,Demonge,kdemongefx@skype.com,Female,7,1
575,Piper,Bewley,pbewleyfy@flavors.me,Female,7,2
576,Bartlett,Farmery,bfarmeryfz@cisco.com,Male,3,3
577,Jere,Norcott,jnorcottg0@discovery.com,Non-binary,3,1
578,Anneliese,Silman,asilmang1@ocn.ne.jp,Female,7,3
579,Maison,Richarson,mricharsong2@soup.io,Male,9,1
580,Lilith,O'Dare,lodareg3@wiley.com,Female,5,4
581,Lynette,Bozward,lbozwardg4@merriam-webster.com,Female,4,4
582,Kermie,Welband,kwelbandg5@telegraph.co.uk,Male,10,4
583,Roarke,McNuff,rmcnuffg6@sakura.ne.jp,Bigender,4,4
584,Xavier,Stenet,xstenetg7@chicagotribune.com,Male,7,3
585,Tate,Fawckner,tfawcknerg8@w3.org,Male,5,5
586,Mycah,Lambkin,mlambking9@wisc.edu,Male,0,5
587,Karita,Jime,kjimega@imdb.com,Female,3,4
588,Rozina,O'Corhane,rocorhanegb@facebook.com,Female,2,1
589,Lenette,Forsaith,lforsaithgc@google.de,Female,2,5
590,Etty,Maffiotti,emaffiottigd@sourceforge.net,Female,5,5
591,Prent,Sexton,psextonge@slideshare.net,Male,6,2
592,Donelle,Jzhakov,djzhakovgf@moonfruit.com,Female,9,5
593,Allie,Keyte,akeytegg@spotify.com,Male,8,3
594,Kynthia,Cleary,kclearygh@mashable.com,Female,3,1
595,Joela,Stiegers,jstiegersgi@icq.com,Female,1,3
596,Jere,Hallgate,jhallgategj@hc360.com,Bigender,8,1
597,Lexy,Pieper,lpiepergk@rakuten.co.jp,Female,6,1
598,Latrena,Hardy,lhardygl@1688.com,Female,8,5
599,Curtis,Jeeves,cjeevesgm@moonfruit.com,Male,8,5
600,Doralia,McCord,dmccordgn@army.mil,Female,1,1
601,Amii,Studdeard,astuddeardgo@storify.com,Female,7,3
602,Brenna,Roddell,broddellgp@techcrunch.com,Female,10,1
603,Symon,Heaker,sheakergq@imgur.com,Male,9,5
604,Elysha,Proom,eproomgr@goo.gl,Female,7,3
605,Adrien,Bannell,abannellgs@discuz.net,Polygender,3,2
606,Thaddus,Sprake,tsprakegt@merriam-webster.com,Male,7,1
607,Averil,Spearman,aspearmangu@free.fr,Female,6,3
608,Monroe,Bearn,mbearngv@trellian.com,Male,2,4
609,Cly,Rich,crichgw@lulu.com,Male,1,4
610,Julissa,Handke,jhandkegx@blogger.com,Polygender,6,2
611,Adina,Ownsworth,aownsworthgy@epa.gov,Female,5,3
612,Bennett,Gulliman,bgullimangz@phoca.cz,Male,5,2
613,Lynn,Korbmaker,lkorbmakerh0@gmpg.org,Male,8,5
614,Jabez,Docharty,jdochartyh1@npr.org,Male,8,3
615,Angelico,Camel,acamelh2@soundcloud.com,Male,10,3
616,Dave,Arpur,darpurh3@yandex.ru,Male,10,4
617,Sayers,Renon,srenonh4@delicious.com,Male,3,2
618,Bert,Yarmouth,byarmouthh5@hatena.ne.jp,Male,3,5
619,Kassandra,Birkenhead,kbirkenheadh6@opensource.org,Genderqueer,9,4
620,Kristian,Palister,kpalisterh7@columbia.edu,Male,1,2
621,Hans,Sprouls,hsproulsh8@hatena.ne.jp,Male,5,4
622,Nicolas,Cawley,ncawleyh9@jugem.jp,Male,9,1
623,Kearney,Wozencroft,kwozencroftha@opera.com,Male,9,5
624,Devin,Mancer,dmancerhb@nyu.edu,Female,6,1
625,Natalya,MacElharge,nmacelhargehc@usa.gov,Female,7,1
626,Garrard,Cutajar,gcutajarhd@clickbank.net,Male,4,2
627,Art,Sach,asachhe@guardian.co.uk,Male,1,2
628,Nessy,Switzer,nswitzerhf@slashdot.org,Female,5,2
629,Marcelle,Judge,mjudgehg@eventbrite.com,Female,10,5
630,Jayson,Slateford,jslatefordhh@dot.gov,Male,10,4
631,Maxim,Pasterfield,mpasterfieldhi@hatena.ne.jp,Male,10,3
632,Rudyard,Murrill,rmurrillhj@fema.gov,Male,8,3
633,Burke,Ekless,beklesshk@ucsd.edu,Male,7,1
634,Charlena,Ruppel,cruppelhl@slashdot.org,Female,0,3
635,Marlon,Thornewell,mthornewellhm@dion.ne.jp,Male,5,5
636,Alta,Jzhakov,ajzhakovhn@cdc.gov,Female,6,3
637,Romeo,Nannizzi,rnannizziho@technorati.com,Male,0,5
638,Ray,Halls,rhallshp@flavors.me,Female,2,3
639,Axel,Habercham,ahaberchamhq@nasa.gov,Male,5,1
640,Matthew,Denerley,mdenerleyhr@sphinn.com,Male,2,3
641,Carolina,Scollick,cscollickhs@ox.ac.uk,Female,4,5
642,Vikki,Martyntsev,vmartyntsevht@alexa.com,Female,5,3
643,Nanci,Lartice,nlarticehu@myspace.com,Female,8,4
644,Patience,Skewes,pskeweshv@arizona.edu,Female,3,1
645,Derek,Labin,dlabinhw@alexa.com,Male,8,1
646,Constancia,Irving,cirvinghx@constantcontact.com,Female,10,5
647,Franny,Okie,fokiehy@newsvine.com,Female,3,3
648,Corissa,Andras,candrashz@moonfruit.com,Female,5,5
649,Vincenty,Martinon,vmartinoni0@epa.gov,Male,2,5
650,Raychel,Weatherburn,rweatherburni1@mashable.com,Female,6,1
651,Bibbye,Rossetti,brossettii2@infoseek.co.jp,Female,9,3
652,Darrell,Crinidge,dcrinidgei3@cbsnews.com,Male,8,2
653,Mendie,Rosevear,mroseveari4@desdev.cn,Male,0,5
654,Imogene,Pecha,ipechai5@woothemes.com,Genderfluid,2,1
655,Manolo,Ickeringill,mickeringilli6@ibm.com,Male,4,4
656,Harold,Rudloff,hrudloffi7@wp.com,Male,8,3
657,Odey,Kuhnel,okuhneli8@hexun.com,Male,4,4
658,Antoine,Leeb,aleebi9@google.cn,Male,9,2
659,Muffin,Rustich,mrustichia@alibaba.com,Male,6,3
660,Gran,Librey,glibreyib@illinois.edu,Male,5,3
661,Dominique,Dumbare,ddumbareic@trellian.com,Male,3,2
662,Clayborn,Oselton,coseltonid@utexas.edu,Male,7,4
663,Waverly,Topham,wtophamie@google.com.hk,Male,8,2
664,Lionel,Spalton,lspaltonif@ask.com,Male,10,3
665,Chaim,Richardin,crichardinig@sohu.com,Male,8,1
666,Fredia,McQuaid,fmcquaidih@multiply.com,Female,2,1
667,Jaymee,Brister,jbristerii@cbc.ca,Female,10,3
668,Gustavus,Alty,galtyij@squidoo.com,Male,10,1
669,Chad,Brigstock,cbrigstockik@de.vu,Male,1,3
670,Olwen,Baldetti,obaldettiil@slideshare.net,Female,5,2
671,Lynn,Crudgington,lcrudgingtonim@tiny.cc,Female,7,3
672,Benn,Robatham,brobathamin@is.gd,Male,4,3
673,Vanni,Pasfield,vpasfieldio@example.com,Female,10,5
674,Ellary,Balint,ebalintip@blinklist.com,Male,7,1
675,Lothario,Olpin,lolpiniq@hexun.com,Male,7,2
676,Leonhard,Giacomelli,lgiacomelliir@pagesperso-orange.fr,Male,0,5
677,Pancho,Santus,psantusis@home.pl,Male,1,4
678,Joshia,Ruffle,jruffleit@dell.com,Polygender,6,1
679,Jenda,Joe,jjoeiu@xinhuanet.com,Female,4,4
680,Ogdon,Pogosian,opogosianiv@tmall.com,Male,4,2
681,Rowland,Addionisio,raddionisioiw@pbs.org,Male,9,5
682,Cherin,Giacomini,cgiacominiix@indiatimes.com,Female,9,2
683,Josefina,McGinn,jmcginniy@reverbnation.com,Female,0,5
684,Fabe,Dahlgren,fdahlgreniz@yale.edu,Male,8,5
685,Marietta,Guillotin,mguillotinj0@ow.ly,Female,8,1
686,Bernette,Tuffley,btuffleyj1@google.co.jp,Female,5,2
687,Lolly,Ronan,lronanj2@theglobeandmail.com,Female,8,1
688,Virgie,Noblet,vnobletj3@dot.gov,Male,1,4
689,Nedi,Horry,nhorryj4@cnn.com,Female,7,1
690,Patrizius,Thynne,pthynnej5@engadget.com,Bigender,6,2
691,Harmonia,Collecott,hcollecottj6@census.gov,Female,2,4
692,Pansie,Roback,probackj7@uiuc.edu,Female,4,3
693,Hulda,Botha,hbothaj8@archive.org,Female,3,3
694,Tanner,Tome,ttomej9@pen.io,Agender,0,3
695,Alfonse,Findlay,afindlayja@ucoz.com,Male,2,2
696,Odette,Wyndham,owyndhamjb@amazon.com,Female,9,5
697,Danyette,Koeppke,dkoeppkejc@cargocollective.com,Female,1,1
698,Bert,Nolin,bnolinjd@youku.com,Female,7,2
699,Rabbi,Murton,rmurtonje@prweb.com,Male,1,2
700,Myrlene,Speariett,mspeariettjf@cam.ac.uk,Female,6,3
701,Briant,Bach,bbachjg@sun.com,Male,1,5
702,Blisse,Danilovic,bdanilovicjh@cdc.gov,Non-binary,2,2
703,Ban,Booty,bbootyji@telegraph.co.uk,Male,1,1
704,Marlow,Alessandretti,malessandrettijj@paginegialle.it,Male,2,4
705,Steve,Simmons,ssimmonsjk@mtv.com,Male,9,5
706,Gilli,Enston,genstonjl@who.int,Female,1,2
707,Frayda,Drage,fdragejm@mayoclinic.com,Female,4,3
708,Cecilio,Ianilli,cianillijn@usa.gov,Male,2,5
709,Daven,Simister,dsimisterjo@state.tx.us,Male,0,2
710,Stanton,Fewless,sfewlessjp@virginia.edu,Male,9,3
711,Ida,Copeman,icopemanjq@toplist.cz,Female,3,4
712,Letti,Bourner,lbournerjr@mapy.cz,Female,10,5
713,Bryce,Klawi,bklawijs@amazon.co.jp,Male,2,3
714,Mendie,Macewan,mmacewanjt@usda.gov,Male,5,5
715,Johnath,Artindale,jartindaleju@buzzfeed.com,Bigender,6,4
716,Ware,Dimitriev,wdimitrievjv@flavors.me,Male,10,1
717,Wood,Skoyles,wskoylesjw@nps.gov,Male,4,2
718,Berte,Sprigin,bspriginjx@cnn.com,Female,6,4
719,Kriste,Ballham,kballhamjy@hc360.com,Female,1,4
720,Ricki,Caroline,rcarolinejz@smugmug.com,Male,6,5
721,Lavena,Spurman,lspurmank0@ucsd.edu,Female,10,3
722,Ellynn,Jedryka,ejedrykak1@cnet.com,Female,10,2
723,Granger,Malkie,gmalkiek2@free.fr,Male,2,4
724,Dede,Fleischer,dfleischerk3@netlog.com,Female,9,5
725,Ikey,Simione,isimionek4@dell.com,Male,0,2
726,Melisent,Maddyson,mmaddysonk5@chron.com,Female,10,2
727,Kendra,Petrashov,kpetrashovk6@globo.com,Female,10,1
728,Niles,Kliemke,nkliemkek7@domainmarket.com,Male,1,1
729,Terri,Burgin,tburgink8@infoseek.co.jp,Male,1,1
730,Chloris,Philipps,cphilippsk9@paginegialle.it,Female,1,2
731,Ronna,Brekonridge,rbrekonridgeka@discuz.net,Non-binary,5,4
732,Crissie,Godart,cgodartkb@istockphoto.com,Bigender,2,3
733,Ritchie,Foucar,rfoucarkc@tripadvisor.com,Male,8,4
734,Edgar,Saby,esabykd@walmart.com,Male,1,5
735,Lammond,Bernardon,lbernardonke@skyrock.com,Male,9,3
736,Dael,Adel,dadelkf@sciencedirect.com,Male,6,2
737,Retha,Ilyuchyov,rilyuchyovkg@flickr.com,Female,3,2
738,Benedicto,Rodell,brodellkh@who.int,Male,4,1
739,Farr,Kiffin,fkiffinki@ifeng.com,Genderqueer,7,4
740,Sascha,Bly,sblykj@timesonline.co.uk,Male,0,2
741,Wait,Camel,wcamelkk@netlog.com,Male,7,2
742,Lurette,Jerman,ljermankl@pbs.org,Female,0,5
743,Christoph,Whittier,cwhittierkm@reverbnation.com,Male,0,3
744,Hyacinthia,Empleton,hempletonkn@histats.com,Female,4,2
745,Georgie,Bounds,gboundsko@go.com,Female,2,2
746,Francois,Cary,fcarykp@wired.com,Male,6,1
747,Celie,Spadollini,cspadollinikq@amazon.co.jp,Female,8,1
748,Hilly,O'Neill,honeillkr@typepad.com,Male,1,5
749,Deena,Bowring,dbowringks@spotify.com,Female,3,2
750,Enos,Buret,eburetkt@seattletimes.com,Male,8,1
751,Flynn,Gosz,fgoszku@boston.com,Male,7,4
752,Chase,Gooding,cgoodingkv@liveinternet.ru,Male,4,1
753,Marion,Batisse,mbatissekw@ovh.net,Male,8,3
754,Vin,Petchey,vpetcheykx@prnewswire.com,Female,7,4
755,Nani,Etter,netterky@youku.com,Female,3,3
756,Odele,Frisdick,ofrisdickkz@dagondesign.com,Female,0,2
757,Lesley,Sullens,lsullensl0@oakley.com,Male,1,4
758,Alena,Bouette,abouettel1@samsung.com,Female,7,5
759,Melisenda,Flanner,mflannerl2@istockphoto.com,Female,6,3
760,Hugibert,Klainer,hklainerl3@bravesites.com,Male,4,2
761,Gwyneth,Hugk,ghugkl4@zdnet.com,Female,4,1
762,Antonietta,Drover,adroverl5@nps.gov,Bigender,0,5
763,Minne,Croxall,mcroxalll6@newyorker.com,Genderqueer,5,3
764,Ronna,McGinlay,rmcginlayl7@sciencedaily.com,Female,1,3
765,Eudora,Ben,ebenl8@a8.net,Female,10,2
766,Pammi,Knappett,pknappettl9@github.com,Female,1,3
767,Belita,Kienle,bkienlela@fc2.com,Female,4,3
768,Georgi,Kearn,gkearnlb@lulu.com,Male,3,2
769,Haze,Guion,hguionlc@engadget.com,Male,10,1
770,Gregory,Lorroway,glorrowayld@cocolog-nifty.com,Male,6,5
771,Torrin,Bethel,tbethelle@cnbc.com,Male,2,3
772,Justinn,Innman,jinnmanlf@home.pl,Female,4,1
773,Dru,Aulsford,daulsfordlg@altervista.org,Female,1,5
774,Kimball,Wadley,kwadleylh@tripadvisor.com,Male,2,2
775,Lauri,Meadowcraft,lmeadowcraftli@si.edu,Polygender,6,1
776,Shirlee,Seary,ssearylj@skyrock.com,Female,1,2
777,Dacey,Suddaby,dsuddabylk@acquirethisname.com,Female,4,3
778,Christiana,Robarts,crobartsll@earthlink.net,Female,1,3
779,Kassi,Newport,knewportlm@paypal.com,Female,3,2
780,Archer,Woodwin,awoodwinln@vinaora.com,Non-binary,1,4
781,Benni,Fenelow,bfenelowlo@tinypic.com,Female,8,5
782,Consolata,McSkeagan,cmcskeaganlp@macromedia.com,Female,3,4
783,Hendrik,Delgardillo,hdelgardillolq@google.it,Male,1,5
784,Kordula,Cawsy,kcawsylr@alibaba.com,Female,5,2
785,Cynthia,Madgin,cmadginls@slate.com,Female,4,1
786,Rees,Buzin,rbuzinlt@arizona.edu,Male,4,2
787,Chet,Greenroyd,cgreenroydlu@list-manage.com,Polygender,8,2
788,Kathi,Congreve,kcongrevelv@google.fr,Female,1,3
789,Margaux,Foker,mfokerlw@kickstarter.com,Female,6,4
790,Bent,Pinyon,bpinyonlx@amazon.co.uk,Male,5,1
791,Riley,Widmoor,rwidmoorly@tamu.edu,Male,1,2
792,Bendix,Iwanicki,biwanickilz@unesco.org,Male,4,3
793,Ave,Leathart,aleathartm0@infoseek.co.jp,Male,7,5
794,Felecia,Thoumasson,fthoumassonm1@mtv.com,Female,8,2
795,Neille,Hindge,nhindgem2@booking.com,Female,4,5
796,Horatio,Woollons,hwoollonsm3@economist.com,Male,7,2
797,Bogart,Munford,bmunfordm4@chronoengine.com,Male,1,5
798,Alie,Kedie,akediem5@google.es,Genderqueer,4,2
799,Laney,Antonich,lantonichm6@aol.com,Female,1,2
800,Chrysler,Seagood,cseagoodm7@businesswire.com,Female,0,2
801,Alexia,Mac Giany,amacgianym8@amazon.co.jp,Non-binary,9,1
802,Judah,Wolland,jwollandm9@technorati.com,Male,4,5
803,Cori,Fosher,cfosherma@mozilla.org,Male,3,4
804,Cob,Hornung,chornungmb@msn.com,Male,9,1
805,Salome,Tart,startmc@arizona.edu,Female,3,4
806,Ram,Rosling,rroslingmd@nature.com,Male,8,2
807,Estell,Layland,elaylandme@bandcamp.com,Female,6,1
808,Bard,Allawy,ballawymf@cnet.com,Male,6,3
809,Kikelia,O'Bradane,kobradanemg@patch.com,Female,5,4
810,Babs,Challen,bchallenmh@msn.com,Female,7,4
811,Jojo,Craythorne,jcraythornemi@altervista.org,Female,5,1
812,Richmound,Ghiroldi,rghiroldimj@msu.edu,Male,6,4
813,Stewart,Gladwell,sgladwellmk@unc.edu,Male,10,3
814,Prentice,Kuhndel,pkuhndelml@princeton.edu,Male,2,2
815,Zacharia,Rosbotham,zrosbothammm@taobao.com,Male,7,4
816,Jeff,Twigge,jtwiggemn@ucoz.com,Male,9,1
817,Kyle,Muxworthy,kmuxworthymo@ask.com,Female,7,3
818,Alfred,Bossingham,abossinghammp@parallels.com,Male,3,1
819,Val,Hasselby,vhasselbymq@etsy.com,Female,8,1
820,Briano,Sayers,bsayersmr@live.com,Male,2,5
821,Ada,Trumble,atrumblems@answers.com,Female,1,1
822,Hans,Stagge,hstaggemt@t.co,Male,10,5
823,Maggee,Strickett,mstrickettmu@buzzfeed.com,Female,6,5
824,Amos,Stode,astodemv@independent.co.uk,Male,10,3
825,Cherye,Boake,cboakemw@walmart.com,Female,8,3
826,Hallie,Giannassi,hgiannassimx@wufoo.com,Bigender,4,3
827,Emili,Ashplant,eashplantmy@princeton.edu,Female,4,4
828,Hugues,De Bruyne,hdebruynemz@rediff.com,Male,9,2
829,Dane,MacDearmont,dmacdearmontn0@salon.com,Male,1,3
830,Giraud,Yakovitch,gyakovitchn1@vistaprint.com,Male,10,4
831,Pate,Gannan,pgannann2@addthis.com,Male,5,1
832,Clem,Tuplin,ctuplinn3@weebly.com,Female,3,4
833,Peterus,De Laci,pdelacin4@ed.gov,Male,5,4
834,Kit,Oxtaby,koxtabyn5@google.co.jp,Male,7,1
835,Rhys,Hourican,rhouricann6@samsung.com,Male,9,1
836,Donetta,Broun,dbrounn7@huffingtonpost.com,Agender,6,1
837,Eachelle,Kender,ekendern8@adobe.com,Female,5,5
838,Arlina,Nyland,anylandn9@wikispaces.com,Polygender,7,1
839,Mordy,Shore,mshorena@symantec.com,Genderqueer,0,2
840,Prinz,Olczyk,polczyknb@ucoz.com,Male,7,3
841,Eldon,Buesnel,ebuesnelnc@creativecommons.org,Male,1,3
842,Martguerita,Goford,mgofordnd@sourceforge.net,Female,5,2
843,Floris,Munkton,fmunktonne@dailymail.co.uk,Female,1,3
844,Archer,Allan,aallannf@gov.uk,Male,0,4
845,Maryl,Gerhardt,mgerhardtng@facebook.com,Female,4,2
846,Modestia,Bazell,mbazellnh@sourceforge.net,Female,1,3
847,Clerc,Bellis,cbellisni@cdc.gov,Male,7,4
848,Constantine,Gomer,cgomernj@goo.gl,Female,0,1
849,Lazare,Asprey,laspreynk@mlb.com,Male,1,3
850,Theo,Guilfoyle,tguilfoylenl@baidu.com,Male,9,1
851,Lavina,Pond-Jones,lpondjonesnm@hhs.gov,Female,8,4
852,Sharyl,Liggons,sliggonsnn@sogou.com,Female,8,2
853,Chantal,Clerc,cclercno@wunderground.com,Female,8,1
854,Andre,Rochell,arochellnp@deviantart.com,Male,10,5
855,Wayne,Ivanikov,wivanikovnq@paypal.com,Male,0,1
856,Fons,McGowing,fmcgowingnr@moonfruit.com,Male,3,1
857,Clim,Liddard,cliddardns@blogtalkradio.com,Male,10,1
858,Rafaellle,Ong,rongnt@cocolog-nifty.com,Male,5,5
859,Goraud,Stagge,gstaggenu@ucoz.com,Male,5,1
860,Pauline,Borer,pborernv@discuz.net,Non-binary,4,4
861,Correy,Cramp,ccrampnw@tmall.com,Male,9,2
862,Alyssa,D'Antonio,adantonionx@t.co,Female,5,3
863,Sonni,Elcoat,selcoatny@booking.com,Female,8,5
864,Cal,Sam,csamnz@howstuffworks.com,Female,9,4
865,Lorene,Hartshorne,lhartshorneo0@stanford.edu,Female,5,5
866,Lonni,Nolli,lnollio1@ftc.gov,Female,8,5
867,Brion,Ogglebie,bogglebieo2@oracle.com,Male,3,4
868,Laetitia,Carillo,lcarilloo3@tripadvisor.com,Female,8,1
869,Guinevere,Logesdale,glogesdaleo4@so-net.ne.jp,Female,2,5
870,Sasha,Zuann,szuanno5@whitehouse.gov,Male,10,2
871,Miguelita,Riden,mrideno6@slashdot.org,Female,9,1
872,Hailey,Frankcombe,hfrankcombeo7@yolasite.com,Male,4,3
873,Robin,Mogford,rmogfordo8@theguardian.com,Non-binary,4,2
874,Anderea,Tutsell,atutsello9@weather.com,Polygender,2,5
875,Doti,Pankettman,dpankettmanoa@va.gov,Bigender,10,5
876,Judy,Mayhow,jmayhowob@unblog.fr,Female,3,2
877,Drona,Paroni,dparonioc@exblog.jp,Female,8,4
878,Alexio,Bounde,aboundeod@etsy.com,Male,9,3
879,Ezequiel,Craggs,ecraggsoe@reverbnation.com,Male,10,4
880,Cobb,Coale,ccoaleof@odnoklassniki.ru,Male,1,5
881,Hulda,Greggersen,hgreggersenog@toplist.cz,Female,9,5
882,Daniella,Dog,ddogoh@t.co,Female,7,3
883,Leonie,Scourgie,lscourgieoi@google.it,Female,5,5
884,Tiertza,Murrill,tmurrilloj@miitbeian.gov.cn,Female,9,1
885,Marten,Vedmore,mvedmoreok@printfriendly.com,Male,3,5
886,Gayler,Harbour,gharbourol@simplemachines.org,Male,6,5
887,Ertha,Haldin,ehaldinom@home.pl,Female,1,1
888,Gayleen,McDill,gmcdillon@salon.com,Female,2,2
889,Duane,Fathers,dfathersoo@fda.gov,Male,10,2
890,Cornelius,Runcieman,crunciemanop@google.com.hk,Male,1,3
891,Davy,Birrel,dbirreloq@edublogs.org,Male,4,1
892,Ettore,Chansonne,echansonneor@oakley.com,Male,8,1
893,Sauveur,Metzig,smetzigos@chron.com,Male,6,5
894,Tonia,Leach,tleachot@yelp.com,Agender,6,3
895,Luella,Vinall,lvinallou@ehow.com,Female,2,1
896,Kalil,Gowry,kgowryov@dyndns.org,Male,2,4
897,Angel,Sawers,asawersow@businessinsider.com,Male,7,4
898,Hermie,Lazarus,hlazarusox@hibu.com,Genderqueer,3,5
899,Ryann,Iveagh,riveaghoy@ft.com,Female,8,4
900,Suzy,Ayrs,sayrsoz@indiegogo.com,Female,9,3
901,Zorine,Baulk,zbaulkp0@51.la,Female,10,5
902,Spike,Allaker,sallakerp1@gizmodo.com,Male,3,5
903,Maura,Nudd,mnuddp2@goo.ne.jp,Female,9,4
904,Vi,Kentwell,vkentwellp3@naver.com,Female,0,2
905,Cahra,Mellanby,cmellanbyp4@parallels.com,Female,2,1
906,Justis,Caldecutt,jcaldecuttp5@opera.com,Male,10,1
907,Skye,Keating,skeatingp6@cafepress.com,Male,10,4
